{"rmse": 1.7471083166281416, "mse": 0.013524658525327917, "r2_score": 0.9656343267348481}